City_ID,City,Lat,Lng,Max Temp,Humidity,Cloudiness,Wind Speed,Country,Date
0,Luderitz,-26.65,15.16,55.4,76,52,9.17,NA,2019-11-08 04:49:33
1,Rikitea,-23.12,-134.97,74.55,82,81,9.91,PF,2019-11-08 04:49:33
2,Bluff,-23.58,149.07,98.49,7,0,15.32,AU,2019-11-08 04:45:49
3,Jumla,29.28,82.18,58.77,30,32,6.35,NP,2019-11-08 04:49:33
4,Puerto Quijarro,-19.0,-57.72,72.66,97,83,2.77,BO,2019-11-08 04:49:33
5,Sete,27.58,86.44,57.74,65,84,6.85,NP,2019-11-08 04:49:34
6,Grand-Santi,4.27,-54.38,72.77,99,69,2.06,GF,2019-11-08 04:49:34
7,Tiarei,-17.53,-149.33,84.2,62,75,8.05,PF,2019-11-08 04:49:34
8,Avarua,-21.21,-159.78,75.2,78,100,9.17,CK,2019-11-08 04:49:34
9,Hervey Bay,-25.3,152.85,86.0,48,0,25.28,AU,2019-11-08 04:49:34
10,Porto Novo,-23.68,-45.44,68.0,88,75,4.7,BR,2019-11-08 04:49:35
11,Georgetown,6.8,-58.16,75.2,100,20,2.24,GY,2019-11-08 04:47:55
12,Kapaa,22.08,-159.32,78.8,65,75,8.05,US,2019-11-08 04:49:35
13,Imbituba,-28.24,-48.67,68.0,100,40,2.24,BR,2019-11-08 04:48:01
14,Barrow,-38.31,-60.23,40.64,93,30,7.96,AR,2019-11-08 04:49:36
15,Mataura,-46.19,168.86,61.05,56,43,5.75,NZ,2019-11-08 04:49:36
16,Vaini,15.34,74.49,75.2,78,40,0.76,IN,2019-11-08 04:49:36
17,Leningradskiy,69.38,178.42,18.95,85,9,17.81,RU,2019-11-08 04:46:42
18,Saskylakh,71.97,114.09,-24.74,98,0,5.95,RU,2019-11-08 04:49:37
19,Aksarka,66.56,67.8,-3.12,83,7,3.44,RU,2019-11-08 04:49:37
20,Hofn,64.25,-15.21,39.56,72,99,8.43,IS,2019-11-08 04:49:37
21,Rapid Valley,44.06,-103.15,32.0,58,1,4.7,US,2019-11-08 04:49:37
22,Busselton,-33.64,115.35,74.41,47,0,2.68,AU,2019-11-08 04:45:51
23,Kodiak,39.95,-94.76,24.8,58,1,4.7,US,2019-11-08 04:49:38
24,Gisborne,-38.66,178.02,69.42,43,0,5.03,NZ,2019-11-08 04:49:38
25,Mandalgovi,45.76,106.27,42.76,33,48,10.51,MN,2019-11-08 04:49:38
26,Hobart,-42.88,147.33,50.0,61,75,12.75,AU,2019-11-08 04:45:02
27,Tasiilaq,65.61,-37.64,35.6,69,100,40.26,GL,2019-11-08 04:49:39
28,Almenara,-16.17,-40.69,67.06,93,58,1.05,BR,2019-11-08 04:49:39
29,Cape Town,-33.93,18.42,59.0,67,4,18.34,ZA,2019-11-08 04:48:07
30,Vagur,61.47,-6.81,40.33,62,60,14.0,FO,2019-11-08 04:49:39
31,Bredasdorp,-34.53,20.04,61.14,70,7,3.78,ZA,2019-11-08 04:45:50
32,Itupiranga,-5.13,-49.33,78.8,94,63,1.34,BR,2019-11-08 04:49:40
33,Baruun-Urt,46.68,113.28,44.49,36,41,9.48,MN,2019-11-08 04:49:40
34,Bongandanga,1.51,21.07,75.29,84,71,2.21,CD,2019-11-08 04:49:40
35,Provideniya,64.42,-173.23,30.2,68,2,26.84,RU,2019-11-08 04:46:23
36,Ancud,-41.87,-73.83,42.1,82,100,2.28,CL,2019-11-08 04:49:41
37,Ribeira Grande,38.52,-28.7,61.95,83,74,4.88,PT,2019-11-08 04:49:41
38,Sarkand,45.41,79.91,40.86,60,29,4.18,KZ,2019-11-08 04:49:41
39,Port Hedland,-20.31,118.58,105.8,19,22,11.41,AU,2019-11-08 04:49:41
40,Tuktoyaktuk,69.44,-133.03,10.4,78,90,18.34,CA,2019-11-08 04:49:41
41,Naze,5.43,7.07,75.45,94,78,1.81,NG,2019-11-08 04:49:42
42,Atuona,-9.8,-139.03,80.58,78,0,14.56,PF,2019-11-08 04:49:42
43,Khor,47.88,134.96,24.69,46,95,15.64,RU,2019-11-08 04:49:42
44,Cherskiy,68.75,161.3,18.28,73,100,5.64,RU,2019-11-08 04:49:43
45,Yarada,17.65,83.27,80.6,54,75,9.17,IN,2019-11-08 04:49:43
46,Omsukchan,62.53,155.8,9.0,97,48,2.62,RU,2019-11-08 04:49:43
47,Honiara,-9.43,159.96,87.8,70,75,5.82,SB,2019-11-08 04:49:43
48,Half Moon Bay,37.46,-122.43,55.4,87,90,3.36,US,2019-11-08 04:45:07
49,Arraial Do Cabo,-22.97,-42.02,72.93,91,100,9.71,BR,2019-11-08 04:49:44
50,East London,-33.02,27.91,62.6,59,20,17.22,ZA,2019-11-08 04:49:44
51,Brigantine,39.41,-74.36,48.2,81,90,14.99,US,2019-11-08 04:45:27
52,North Platte,41.12,-100.77,28.4,74,1,8.05,US,2019-11-08 04:46:51
53,Katsuura,33.93,134.5,62.6,48,75,11.41,JP,2019-11-08 04:49:45
54,Mogadishu,2.04,45.34,81.41,78,99,8.63,SO,2019-11-08 04:49:45
55,Hilo,19.71,-155.08,80.6,65,40,3.36,US,2019-11-08 04:46:01
56,Abu Samrah,35.3,37.18,67.08,40,0,7.87,SY,2019-11-08 04:49:45
57,Hermanus,-34.42,19.24,60.87,77,7,14.32,ZA,2019-11-08 04:49:46
58,Port Alfred,-33.59,26.89,66.15,62,59,17.05,ZA,2019-11-08 04:49:46
59,Nushki,29.55,66.02,60.33,12,0,4.18,PK,2019-11-08 04:49:46
60,Tarakan,3.3,117.63,85.57,68,56,5.46,ID,2019-11-08 04:49:47
61,Coahuayana,18.62,-100.35,71.28,84,32,1.9,MX,2019-11-08 04:49:47
62,Pelym,61.01,62.0,13.33,83,0,5.86,RU,2019-11-08 04:49:47
63,Soc Trang,9.6,105.98,84.2,79,75,2.24,VN,2019-11-08 04:49:47
64,Narasingapuram,11.61,78.57,82.4,74,20,4.7,IN,2019-11-08 04:49:47
65,Puerto Ayora,-0.74,-90.35,68.95,90,86,5.93,EC,2019-11-08 04:49:48
66,Contamana,-7.35,-75.01,71.08,95,89,0.67,PE,2019-11-08 04:49:48
67,Port-Cartier,50.03,-66.88,17.6,78,5,3.94,CA,2019-11-08 04:49:48
68,Rezina,47.75,28.95,53.33,75,100,6.91,MD,2019-11-08 04:49:48
69,Nabire,-3.36,135.5,88.52,55,97,6.44,ID,2019-11-08 04:49:49
70,Celestun,20.87,-90.4,80.73,81,45,15.03,MX,2019-11-08 04:49:49
71,Punta Arenas,-53.16,-70.91,35.6,79,20,4.7,CL,2019-11-08 04:45:50
72,Te Anau,-45.41,167.72,50.18,77,87,6.82,NZ,2019-11-08 04:49:49
73,Ankang,32.73,108.99,65.95,49,11,3.24,CN,2019-11-08 04:49:50
74,Butaritari,3.07,172.79,84.87,63,18,4.74,KI,2019-11-08 04:49:50
75,Clyde River,70.47,-68.59,14.0,85,75,9.17,CA,2019-11-08 04:49:50
76,Pisco,-13.71,-76.2,64.4,82,0,10.29,PE,2019-11-08 04:49:50
77,Itapetinga,-15.25,-40.25,64.09,99,48,1.59,BR,2019-11-08 04:49:51
78,Beringovskiy,63.05,179.32,27.18,93,53,14.07,RU,2019-11-08 04:46:05
79,Saint-Louis,16.03,-16.5,75.88,67,62,15.57,SN,2019-11-08 04:49:51
80,Sinop,42.03,35.15,65.95,55,24,2.33,TR,2019-11-08 04:49:52
81,Sitka,37.17,-99.65,33.87,29,0,4.83,US,2019-11-08 04:49:52
82,San Carlos De Bariloche,-41.13,-71.31,41.0,41,100,2.24,AR,2019-11-08 04:49:52
83,Faya,18.39,42.45,59.0,87,0,5.82,SA,2019-11-08 04:49:52
84,Ixtapa,20.71,-105.21,82.4,83,20,3.36,MX,2019-11-08 04:46:31
85,Port Elizabeth,39.31,-74.98,48.2,87,90,10.29,US,2019-11-08 04:49:53
86,Saint-Philippe,45.36,-73.48,30.2,86,90,6.76,CA,2019-11-08 04:45:26
87,Grindavik,63.84,-22.43,39.2,69,90,25.28,IS,2019-11-08 04:49:53
88,Fortuna,40.6,-124.16,50.0,100,90,3.06,US,2019-11-08 04:49:53
89,Yumen,40.29,97.04,51.55,27,78,19.98,CN,2019-11-08 04:45:46
90,Dudinka,69.41,86.18,-14.81,75,99,11.18,RU,2019-11-08 04:49:54
91,Mareeba,-16.99,145.42,82.4,58,15,9.17,AU,2019-11-08 04:49:54
92,Hasaki,35.73,140.83,60.8,59,20,9.17,JP,2019-11-08 04:49:54
93,Jamestown,-33.21,138.6,58.87,40,29,20.96,AU,2019-11-08 04:49:55
94,Coquimbo,-29.95,-71.34,57.2,82,0,4.7,CL,2019-11-08 04:49:55
95,Tiksi,71.64,128.87,-3.84,96,97,5.97,RU,2019-11-08 04:46:24
96,Esperance,-33.86,121.89,64.4,68,90,11.41,AU,2019-11-08 04:49:55
97,Marsa Matruh,31.35,27.25,59.0,87,0,4.76,EG,2019-11-08 04:49:55
98,Cayenne,4.94,-52.33,75.2,94,40,1.12,GF,2019-11-08 04:45:12
99,Kamaishi,39.28,141.86,46.4,70,75,4.7,JP,2019-11-08 04:49:56
100,Roebourne,-20.77,117.15,107.67,5,51,21.23,AU,2019-11-08 04:49:56
101,Taltal,-25.41,-70.49,51.37,91,50,3.62,CL,2019-11-08 04:45:09
102,Chokurdakh,70.62,147.9,-8.4,98,77,7.36,RU,2019-11-08 04:49:57
103,Thompson,55.74,-97.86,10.4,78,90,6.93,CA,2019-11-08 04:49:57
104,Grandola,38.18,-8.57,50.0,93,20,6.93,PT,2019-11-08 04:49:57
105,Alto Araguaia,-17.32,-53.22,69.84,84,100,2.93,BR,2019-11-08 04:49:57
106,Kaitangata,-46.28,169.85,56.14,75,79,6.06,NZ,2019-11-08 04:49:58
107,Nyurba,63.29,118.35,-1.81,87,0,3.2,RU,2019-11-08 04:49:58
108,Savannah Bight,16.45,-85.85,82.22,77,3,10.69,HN,2019-11-08 04:49:58
109,Cidreira,-30.17,-50.22,68.65,90,10,12.77,BR,2019-11-08 04:49:58
110,Gimli,50.63,-96.99,14.86,75,45,10.25,CA,2019-11-08 04:49:59
111,Acajutla,13.59,-89.83,82.92,70,28,6.24,SV,2019-11-08 04:49:59
112,Albany,42.65,-73.75,33.8,86,90,11.41,US,2019-11-08 04:45:12
113,Barcelos,-0.97,-62.93,77.76,70,90,1.57,BR,2019-11-08 04:49:59
114,Najran,17.54,44.22,62.6,42,0,9.24,SA,2019-11-08 04:49:59
115,Catemaco,18.42,-95.11,71.1,94,36,1.68,MX,2019-11-08 04:50:00
116,Ilo,-17.65,-71.34,63.86,82,97,3.78,PE,2019-11-08 04:50:00
117,Immokalee,26.42,-81.42,78.8,94,1,5.23,US,2019-11-08 04:50:00
118,Constitucion,23.99,-104.67,61.56,71,80,3.47,MX,2019-11-08 04:50:00
119,Bambous Virieux,-20.34,57.76,77.0,73,75,13.87,MU,2019-11-08 04:50:00
120,Carutapera,-1.2,-46.02,80.71,82,5,15.08,BR,2019-11-08 04:50:01
121,Upernavik,72.79,-56.15,8.28,65,0,6.26,GL,2019-11-08 04:46:42
122,Severo-Kurilsk,50.68,156.12,33.37,73,83,34.47,RU,2019-11-08 04:50:01
123,Ilulissat,69.22,-51.1,35.6,29,100,13.87,GL,2019-11-08 04:50:01
124,Sur,22.57,59.53,80.78,41,33,4.52,OM,2019-11-08 04:47:11
125,New Norfolk,-42.78,147.06,50.0,61,75,12.75,AU,2019-11-08 04:50:02
126,Bilma,18.69,12.92,75.79,18,0,6.67,NE,2019-11-08 04:50:02
127,San Andres,13.32,122.68,85.51,64,52,9.46,PH,2019-11-08 04:50:02
128,Sokolo,14.74,-6.12,77.79,22,35,6.44,ML,2019-11-08 04:50:02
129,Arlit,18.74,7.39,79.79,15,0,8.55,NE,2019-11-08 04:47:11
130,Sinnamary,5.38,-52.96,81.75,82,87,14.67,GF,2019-11-08 04:50:03
131,Geraldton,49.72,-86.95,12.2,66,90,3.36,CA,2019-11-08 04:50:03
132,Castro,-42.48,-73.76,35.6,90,98,2.91,CL,2019-11-08 04:50:03
133,Tres Arroyos,-38.38,-60.28,40.69,87,60,8.34,AR,2019-11-08 04:50:04
134,Uthal,25.81,66.62,81.9,8,0,4.81,PK,2019-11-08 04:50:04
135,Miraflores,-16.39,-71.52,57.2,24,16,2.24,PE,2019-11-08 04:47:43
136,Faanui,-16.48,-151.75,80.94,81,17,20.2,PF,2019-11-08 04:45:05
137,Awbari,26.59,12.77,64.15,47,0,7.18,LY,2019-11-08 04:50:04
138,Sao Filipe,14.9,-24.5,73.89,80,100,11.86,CV,2019-11-08 04:45:57
139,Ust-Maya,60.42,134.54,-6.22,88,100,5.44,RU,2019-11-08 04:47:55
140,Maniwaki,46.38,-75.98,21.67,70,43,5.48,CA,2019-11-08 04:50:05
141,Isangel,-19.55,169.27,80.6,69,75,11.41,VU,2019-11-08 04:50:05
142,Kokoda,-8.88,147.74,65.77,86,98,3.36,PG,2019-11-08 04:50:05
143,Aklavik,68.22,-135.01,12.2,78,90,5.82,CA,2019-11-08 04:50:06
144,Erzin,36.95,36.2,57.2,67,0,4.7,TR,2019-11-08 04:50:06
145,Motygino,58.18,94.69,32.34,98,100,12.08,RU,2019-11-08 04:50:06
146,Fort Nelson,58.81,-122.69,21.2,92,90,9.17,CA,2019-11-08 04:50:06
147,Uvalde,29.21,-99.79,48.2,81,90,11.41,US,2019-11-08 04:49:03
148,Rocha,-34.48,-54.34,53.37,88,0,6.89,UY,2019-11-08 04:48:26
149,San Cristobal,14.68,-86.92,64.35,98,21,2.46,HN,2019-11-08 04:50:07
150,San Jose,14.25,-87.96,63.95,91,20,6.13,HN,2019-11-08 04:47:15
151,Paamiut,61.99,-49.67,40.17,48,99,12.93,GL,2019-11-08 04:50:08
152,Carnarvon,-30.97,22.13,56.52,41,27,16.37,ZA,2019-11-08 04:50:08
153,Bethel,60.79,-161.76,30.2,92,90,14.99,US,2019-11-08 04:50:08
154,Chistogorskiy,53.98,87.38,37.81,53,100,11.63,RU,2019-11-08 04:50:08
155,Sao Jose Da Coroa Grande,-8.9,-35.15,79.32,74,89,13.49,BR,2019-11-08 04:47:29
156,Roald,62.58,6.12,28.4,92,1,11.41,NO,2019-11-08 04:50:09
157,Kloulklubed,7.04,134.26,82.4,83,75,9.17,PW,2019-11-08 04:50:09
158,Kieta,-6.22,155.63,83.89,71,36,2.04,PG,2019-11-08 04:50:09
159,Port Lincoln,-34.72,135.86,58.41,50,48,19.53,AU,2019-11-08 04:50:10
160,Kefamenanu,-9.45,124.48,91.45,33,0,16.82,ID,2019-11-08 04:50:10
161,Willowmore,-33.3,23.49,51.42,65,100,1.66,ZA,2019-11-08 04:50:10
162,Inta,66.04,60.13,5.38,95,100,8.81,RU,2019-11-08 04:50:11
163,Srednekolymsk,67.46,153.71,-2.19,98,13,2.8,RU,2019-11-08 04:50:11
164,Port-Gentil,-0.72,8.78,79.41,84,100,8.23,GA,2019-11-08 04:50:11
165,La Ronge,55.1,-105.3,17.6,72,90,12.75,CA,2019-11-08 04:50:11
166,Ushuaia,-54.81,-68.31,35.6,98,40,26.4,AR,2019-11-08 04:50:12
167,Lavrentiya,65.58,-170.99,27.61,78,0,17.67,RU,2019-11-08 04:50:12
168,Vernon,50.27,-119.27,35.6,93,75,2.24,CA,2019-11-08 04:50:12
169,Dunedin,-45.87,170.5,62.91,44,100,17.27,NZ,2019-11-08 04:50:12
170,Caxito,-22.65,-42.51,67.01,99,100,1.28,BR,2019-11-08 04:50:13
171,Torbay,47.66,-52.73,33.8,80,20,8.05,CA,2019-11-08 04:50:13
172,Lorengau,-2.02,147.27,81.91,81,99,13.33,PG,2019-11-08 04:50:13
173,Lamu,35.77,102.37,45.01,38,16,3.89,CN,2019-11-08 04:50:14
174,Hamilton,43.26,-79.87,30.2,86,75,4.7,CA,2019-11-08 04:49:57
175,Strelka,58.08,93.03,32.25,97,100,13.73,RU,2019-11-08 04:50:14
176,Kununurra,-15.77,128.74,102.2,17,46,6.93,AU,2019-11-08 04:50:14
177,Saint-Joseph,43.56,6.97,51.8,93,100,3.36,FR,2019-11-08 04:50:15
178,Havoysund,71.0,24.66,30.2,92,90,5.82,NO,2019-11-08 04:50:15
179,Talnakh,69.49,88.39,-14.81,75,100,11.18,RU,2019-11-08 04:50:15
180,Weligama,5.97,80.42,85.91,67,50,7.45,LK,2019-11-08 04:50:15
181,Burgos,42.34,-3.7,35.6,85,75,13.87,ES,2019-11-08 04:50:16
182,Iqaluit,63.75,-68.52,15.8,72,75,3.36,CA,2019-11-08 04:47:35
183,Panzhihua,26.59,101.72,76.46,43,28,1.03,CN,2019-11-08 04:50:16
184,Biak,-0.91,122.88,83.14,67,24,11.59,ID,2019-11-08 04:50:16
185,Wattegama,7.35,80.68,86.92,57,58,5.08,LK,2019-11-08 04:50:16
186,Mayya,61.74,130.28,-9.41,76,100,2.24,RU,2019-11-08 04:50:17
187,Henties Bay,-22.12,14.28,59.61,75,26,3.89,NA,2019-11-08 04:50:17
188,Waipawa,-39.94,176.59,69.15,72,0,4.25,NZ,2019-11-08 04:50:17
189,Chernyshevskiy,63.01,112.47,-0.17,88,40,5.61,RU,2019-11-08 04:50:17
190,Palmer,-34.85,139.16,59.0,47,40,21.92,AU,2019-11-08 04:50:18
191,Rawson,-43.3,-65.11,54.52,48,3,15.23,AR,2019-11-08 04:46:48
192,Kupang,-10.16,123.6,91.4,46,40,8.05,ID,2019-11-08 04:50:18
193,Haines Junction,60.75,-137.51,32.65,99,100,1.48,CA,2019-11-08 04:50:18
194,Jonesboro,35.84,-90.7,35.6,69,1,9.17,US,2019-11-08 04:50:18
195,Lompoc,34.64,-120.46,53.6,87,75,3.36,US,2019-11-08 04:50:19
196,Deputatskiy,69.3,139.9,-7.91,92,85,2.84,RU,2019-11-08 04:50:19
197,Dikson,73.51,80.55,-6.27,97,74,10.42,RU,2019-11-08 04:50:19
198,Shimoda,34.7,138.93,66.2,45,20,13.87,JP,2019-11-08 04:50:19
199,Kidal,18.44,1.41,74.16,20,0,6.29,ML,2019-11-08 04:50:19
200,Soe,57.91,26.05,33.8,100,83,4.7,EE,2019-11-08 04:50:20
201,Cabo San Lucas,22.89,-109.91,78.8,74,90,4.7,MX,2019-11-08 04:50:20
202,Ulaangom,49.98,92.07,39.97,59,100,2.48,MN,2019-11-08 04:47:07
203,Yellowknife,62.45,-114.38,12.2,85,90,6.93,CA,2019-11-08 04:46:49
204,Qaanaaq,77.48,-69.36,-3.28,65,0,6.85,GL,2019-11-08 04:50:20
205,Hithadhoo,-0.6,73.08,82.47,68,0,6.2,MV,2019-11-08 04:50:21
206,Gezing,47.92,13.13,33.8,100,75,3.36,AT,2019-11-08 04:50:21
207,Vardo,39.62,-77.74,42.8,84,90,11.41,US,2019-11-08 04:50:21
208,Ballina,54.11,-9.15,34.88,91,8,2.15,IE,2019-11-08 04:45:29
209,San Diego,32.72,-117.16,66.2,82,40,2.51,US,2019-11-08 04:50:21
210,Marsaxlokk,35.84,14.54,60.8,82,40,3.36,MT,2019-11-08 04:50:22
211,Terrak,65.09,12.37,32.0,89,80,8.05,NO,2019-11-08 04:50:22
212,Flin Flon,54.77,-101.88,14.92,82,100,5.37,CA,2019-11-08 04:50:22
213,Christchurch,-43.53,172.64,77.0,31,40,25.28,NZ,2019-11-08 04:49:54
214,Scarborough,54.28,-0.41,46.4,81,100,12.75,GB,2019-11-08 04:50:22
215,Methoni,36.82,21.7,59.0,87,75,16.33,GR,2019-11-08 04:50:23
216,Harriston,43.92,-80.87,24.8,85,90,5.82,CA,2019-11-08 04:50:23
217,Sampit,-2.54,112.95,86.36,60,50,3.71,ID,2019-11-08 04:50:23
218,Chuy,-33.69,-53.46,60.31,95,0,8.14,UY,2019-11-08 04:50:23
219,Matagami,9.67,8.4,68.7,60,63,4.12,NG,2019-11-08 04:50:24
220,Panaba,21.28,-88.27,75.36,86,0,4.88,MX,2019-11-08 04:50:24
221,Rio Grande,-32.03,-52.1,64.87,92,0,1.61,BR,2019-11-08 04:48:39
222,Souillac,45.6,-0.6,46.4,93,83,12.75,FR,2019-11-08 04:50:24
223,Suwalki,54.11,22.93,38.91,95,0,4.34,PL,2019-11-08 04:50:24
224,San Patricio,-26.98,-56.83,69.06,98,20,4.34,PY,2019-11-08 04:50:25
225,Madimba,4.42,9.93,77.0,94,75,2.24,CM,2019-11-08 04:50:25
226,Praia Da Vitoria,38.73,-27.07,62.6,93,75,7.09,PT,2019-11-08 04:50:25
227,Belaya Gora,68.54,146.19,-10.81,100,9,1.12,RU,2019-11-08 04:50:25
228,Grafton,-29.69,152.93,91.4,7,0,10.29,AU,2019-11-08 04:50:26
229,Mecca,21.43,39.83,83.84,48,0,1.05,SA,2019-11-08 04:50:17
230,Ahipara,-35.17,173.16,64.99,90,74,14.45,NZ,2019-11-08 04:50:26
231,Narsaq,60.91,-46.05,44.6,28,100,8.05,GL,2019-11-08 04:50:26
232,Toora-Khem,52.47,96.11,35.71,66,59,1.41,RU,2019-11-08 04:50:27
233,Umm Lajj,25.02,37.27,81.61,40,0,4.32,SA,2019-11-08 04:50:27
234,Bugyi,47.22,19.15,48.2,100,90,9.17,HU,2019-11-08 04:50:27
235,Qaqortoq,60.72,-46.03,44.6,28,100,8.05,GL,2019-11-08 04:47:23
236,Muros,42.77,-9.06,41.0,93,75,3.36,ES,2019-11-08 04:50:27
237,Fougamou,-1.22,10.59,73.74,93,99,1.52,GA,2019-11-08 04:50:28
238,Skjervoy,70.03,20.97,25.93,64,0,10.25,NO,2019-11-08 04:50:28
239,Aktau,43.65,51.16,37.4,74,42,6.71,KZ,2019-11-08 04:50:28
240,Puerto Leguizamo,-0.19,-74.78,70.25,97,20,0.83,CO,2019-11-08 04:50:28
241,Broken Hill,-31.97,141.45,68.0,28,40,28.86,AU,2019-11-08 04:45:56
242,Guerrero Negro,27.97,-114.04,66.76,79,100,4.94,MX,2019-11-08 04:50:29
243,Wanaka,-44.7,169.14,48.78,63,7,14.12,NZ,2019-11-08 04:50:29
244,Kautokeino,69.01,23.04,4.69,96,89,1.25,NO,2019-11-08 04:50:29
245,Dukat,40.25,19.57,68.74,68,82,8.32,AL,2019-11-08 04:50:29
246,Komsomolskiy,67.55,63.78,2.28,97,100,3.96,RU,2019-11-08 04:45:40
247,Ponta Do Sol,-20.63,-46.0,67.26,94,100,1.88,BR,2019-11-08 04:46:00
248,College,64.86,-147.8,24.8,73,90,10.29,US,2019-11-08 04:50:30
249,Dunkwa,5.97,-1.78,71.98,99,22,0.09,GH,2019-11-08 04:50:30
250,Saint George,39.45,22.34,57.2,100,75,3.36,GR,2019-11-08 04:46:30
251,Guaruja,-23.99,-46.26,66.2,88,90,3.36,BR,2019-11-08 04:50:31
252,Winnemucca,40.97,-117.74,35.6,37,1,6.93,US,2019-11-08 04:50:31
253,Chone,-0.7,-80.09,71.31,86,95,4.79,EC,2019-11-08 04:50:31
254,Ayagoz,47.96,80.43,31.82,85,99,19.24,KZ,2019-11-08 04:50:31
255,Trojes,41.76,19.96,53.6,93,75,2.24,AL,2019-11-08 04:50:31
256,Roma,41.89,12.48,59.0,67,78,19.46,IT,2019-11-08 04:47:51
257,Smila,49.23,31.88,47.71,86,97,5.59,UA,2019-11-08 04:50:32
258,Ilebo,-4.33,20.59,72.45,95,100,1.1,CD,2019-11-08 04:50:32
259,Camargo,27.69,-105.17,60.58,73,89,18.43,MX,2019-11-08 04:50:32
260,Lata,30.78,78.62,29.71,90,38,7.72,IN,2019-11-08 04:47:23
261,Tuatapere,-46.13,167.69,50.85,82,41,5.91,NZ,2019-11-08 04:50:33
262,Alofi,-19.06,-169.92,78.8,78,29,6.93,NU,2019-11-08 04:50:33
263,Saldanha,41.42,-6.55,37.04,91,14,10.29,PT,2019-11-08 04:46:37
264,Victoria,5.28,115.24,87.8,66,75,4.7,BN,2019-11-08 04:46:28
265,Melfi,41.0,15.66,46.4,74,40,13.87,IT,2019-11-08 04:50:33
266,Palauig,15.44,119.9,81.37,79,8,4.5,PH,2019-11-08 04:50:34
267,Bambanglipuro,-7.95,110.28,87.51,50,2,10.45,ID,2019-11-08 04:50:34
268,Seoul,37.57,126.98,55.4,19,1,1.12,KR,2019-11-08 04:50:02
269,Ugoofaaru,5.67,73.0,82.92,70,72,5.82,MV,2019-11-08 04:50:34
270,Ballinasloe,53.33,-8.22,34.77,95,0,5.59,IE,2019-11-08 04:50:36
271,Husavik,50.56,-96.99,14.86,75,45,10.25,CA,2019-11-08 04:50:36
272,Northam,-31.65,116.67,84.2,20,0,17.22,AU,2019-11-08 04:50:36
273,Ostrovnoy,68.05,39.51,16.97,90,100,6.98,RU,2019-11-08 04:45:51
274,Ayan,38.23,44.7,46.24,24,0,0.6,IR,2019-11-08 04:50:37
275,Basco,40.33,-91.2,21.2,67,1,6.2,US,2019-11-08 04:50:37
276,Bealanana,-14.54,48.75,76.37,53,100,5.5,MG,2019-11-08 04:50:37
277,Jalu,29.03,21.55,65.41,86,0,11.68,LY,2019-11-08 04:50:37
278,Nikolskoye,59.7,30.79,26.6,92,75,6.71,RU,2019-11-08 04:50:38
279,Blagoveshchensk,50.29,127.53,21.2,37,0,13.42,RU,2019-11-08 04:50:38
280,Sabha,27.03,14.43,63.79,42,0,7.99,LY,2019-11-08 04:50:38
281,Nelson Bay,-32.72,152.14,89.6,15,19,31.09,AU,2019-11-08 04:50:38
282,Mount Isa,-20.73,139.49,100.4,6,15,17.22,AU,2019-11-08 04:50:38
283,Salalah,17.01,54.1,77.0,44,37,2.24,OM,2019-11-08 04:50:39
284,Sibu,2.29,111.83,89.6,66,75,2.24,MY,2019-11-08 04:50:39
285,Norfolk,36.85,-76.29,62.6,87,90,5.82,US,2019-11-08 04:45:53
286,Okhotsk,59.36,143.24,30.6,81,100,10.71,RU,2019-11-08 04:50:40
287,Khatanga,71.98,102.47,-8.94,93,42,12.5,RU,2019-11-08 04:46:22
288,Mao,19.55,-71.08,75.2,94,20,6.93,DO,2019-11-08 04:50:40
289,Miandoab,36.97,46.1,37.4,64,0,4.7,IR,2019-11-08 04:50:40
290,Broome,52.47,1.45,35.6,100,6,3.36,GB,2019-11-08 04:50:41
291,Erenhot,43.65,111.97,44.1,27,17,9.53,CN,2019-11-08 04:50:41
292,Mitsamiouli,-11.38,43.28,82.4,74,20,6.93,KM,2019-11-08 04:50:41
293,Denpasar,-8.65,115.22,87.8,70,20,4.7,ID,2019-11-08 04:46:35
294,Cairns,-16.92,145.77,82.4,58,31,9.17,AU,2019-11-08 04:50:41
295,Suntar,62.16,117.65,3.81,79,0,4.99,RU,2019-11-08 04:47:24
296,Umm Kaddadah,13.6,26.69,77.7,14,0,16.37,SD,2019-11-08 04:50:42
297,Piotrkow Trybunalski,51.41,19.7,37.4,93,47,4.7,PL,2019-11-08 04:50:42
298,Dehloran,32.69,47.27,76.41,22,0,2.08,IR,2019-11-08 04:50:42
299,Orange,33.79,-117.85,71.6,28,1,8.05,US,2019-11-08 04:50:33
300,Tucuman,-17.17,-70.89,51.85,59,0,0.96,PE,2019-11-08 04:50:43
301,Mar Del Plata,-46.43,-67.52,49.32,36,0,18.23,AR,2019-11-08 04:50:43
302,High Level,58.52,-117.13,15.8,92,90,2.24,CA,2019-11-08 04:50:43
303,Adrar,27.87,-0.29,55.4,35,0,10.29,DZ,2019-11-08 04:50:44
304,Pangnirtung,66.15,-65.72,15.28,65,53,3.51,CA,2019-11-08 04:50:44
305,Bayan,36.1,102.26,45.01,38,16,3.89,CN,2019-11-08 04:50:44
306,Tautira,-17.73,-149.15,84.2,62,75,8.05,PF,2019-11-08 04:50:44
307,Kudahuvadhoo,2.67,72.89,82.67,75,81,14.03,MV,2019-11-08 04:50:44
308,Dymer,50.78,30.31,46.4,100,98,2.24,UA,2019-11-08 04:50:45
309,Pakpattan,30.34,73.39,76.73,39,0,10.04,PK,2019-11-08 04:50:45
310,Solnechnyy,50.72,136.64,16.88,58,94,3.53,RU,2019-11-08 04:50:45
311,Corowa,-36.0,146.39,53.6,71,90,21.92,AU,2019-11-08 04:50:45
312,Boa Vista,2.82,-60.67,82.4,69,21,4.7,BR,2019-11-08 04:50:45
313,Walvis Bay,-22.95,14.51,55.4,87,42,6.93,NA,2019-11-08 04:50:46
314,Pevek,69.7,170.27,22.35,59,83,14.7,RU,2019-11-08 04:50:46
315,Menongue,-14.66,17.68,66.79,80,83,5.37,AO,2019-11-08 04:50:46
316,Quatre Cocos,-20.21,57.76,77.0,73,75,13.87,MU,2019-11-08 04:47:37
317,Podor,16.65,-14.96,76.82,25,50,8.86,MR,2019-11-08 04:50:47
318,Pilot Butte,50.48,-104.42,12.2,78,75,14.99,CA,2019-11-08 04:50:47
319,Sao Joao Da Barra,-21.64,-41.05,74.1,90,53,3.78,BR,2019-11-08 04:45:56
320,Zhigansk,66.77,123.37,-19.11,95,51,7.09,RU,2019-11-08 04:50:47
321,Kolyshley,52.7,44.54,45.93,89,100,14.99,RU,2019-11-08 04:50:48
322,Camocim,-2.9,-40.84,76.08,81,19,8.61,BR,2019-11-08 04:50:48
323,Labuhan,-2.54,115.51,96.87,37,51,2.06,ID,2019-11-08 04:50:48
324,Port Hardy,50.7,-127.42,50.0,76,75,6.93,CA,2019-11-08 04:46:01
325,Lebu,8.96,38.73,60.31,53,47,3.67,ET,2019-11-08 04:46:03
326,Cap Malheureux,-19.98,57.61,77.0,73,75,13.87,MU,2019-11-08 04:50:49
327,Praia,-20.25,-43.81,66.42,89,98,0.89,BR,2019-11-08 04:50:49
328,Comodoro Rivadavia,-45.87,-67.48,55.4,37,28,14.99,AR,2019-11-08 04:50:49
329,Kiruna,67.86,20.23,5.0,84,94,0.83,SE,2019-11-08 04:50:49
330,Lagoa,37.14,-8.45,53.6,81,0,2.24,PT,2019-11-08 04:50:49
331,Le Port,42.87,1.37,34.68,83,51,4.29,FR,2019-11-08 04:50:50
332,Jiexiu,37.02,111.92,55.78,45,0,4.63,CN,2019-11-08 04:50:50
333,Nicoya,10.15,-85.45,80.6,69,99,10.29,CR,2019-11-08 04:50:50
334,Bukachacha,52.99,116.91,25.79,66,77,2.73,RU,2019-11-08 04:50:50
335,Bonthe,7.53,-12.5,78.53,84,75,1.88,SL,2019-11-08 04:50:50
336,Sisimiut,66.94,-53.67,22.75,53,100,5.37,GL,2019-11-08 04:50:51
337,Orneta,54.12,20.13,40.06,92,19,9.1,PL,2019-11-08 04:50:51
338,Reo,12.32,-2.47,78.24,45,0,5.35,BF,2019-11-08 04:50:51
339,Yamada,36.58,137.08,57.2,54,75,5.82,JP,2019-11-08 04:50:52
340,Kantilo,20.35,85.18,75.2,69,90,9.17,IN,2019-11-08 04:50:52
341,Ambilobe,-13.19,49.05,90.73,43,70,15.75,MG,2019-11-08 04:46:00
342,Luwuk,-0.95,122.79,83.14,67,24,11.59,ID,2019-11-08 04:50:52
343,Marsabit,2.34,37.99,73.08,79,53,22.91,KE,2019-11-08 04:50:52
344,Muromtsevo,56.37,75.24,38.82,94,100,13.22,RU,2019-11-08 04:50:53
345,Sola,-3.17,33.8,75.67,57,74,7.81,TZ,2019-11-08 04:50:53
346,Wanning,48.64,13.53,42.8,93,90,9.17,AT,2019-11-08 04:46:14
347,Batsfjord,70.63,29.72,19.4,100,75,8.05,NO,2019-11-08 04:50:54
348,Jaciara,-15.95,-54.98,71.1,91,100,2.8,BR,2019-11-08 04:50:54
349,Shelburne,44.08,-80.2,28.4,92,90,5.59,CA,2019-11-08 04:46:37
350,Ippy,6.26,21.2,75.43,78,33,1.59,CF,2019-11-08 04:50:54
351,Khani,41.96,42.96,59.0,47,0,11.41,GE,2019-11-08 04:50:54
352,Peleduy,59.63,112.75,16.59,89,89,1.16,RU,2019-11-08 04:50:55
353,Vallenar,-28.58,-70.76,52.29,86,0,2.01,CL,2019-11-08 04:50:55
354,Kirkkonummi,60.12,24.44,28.4,100,75,6.93,FI,2019-11-08 04:50:55
355,Touros,-5.2,-35.46,73.4,88,40,3.36,BR,2019-11-08 04:50:55
356,Urambo,-5.07,32.07,78.73,47,100,10.67,TZ,2019-11-08 04:50:55
357,Guinope,13.88,-86.93,66.2,88,40,6.93,HN,2019-11-08 04:50:56
358,Saint-Pierre,48.95,4.24,37.4,100,20,9.17,FR,2019-11-08 04:50:56
359,Longyearbyen,78.22,15.63,14.0,72,98,3.36,NO,2019-11-08 04:50:56
360,Poum,41.28,20.71,44.6,93,40,3.36,MK,2019-11-08 04:46:34
361,Upland,34.1,-117.65,71.6,28,1,8.05,US,2019-11-08 04:50:57
362,Saint-Augustin,45.63,-73.98,28.4,85,75,3.36,CA,2019-11-08 04:50:57
363,Pitimbu,-7.47,-34.81,77.0,83,75,3.36,BR,2019-11-08 04:50:57
364,Vagay,57.94,69.02,25.25,89,100,14.12,RU,2019-11-08 04:50:57
365,Barkot,30.81,78.21,60.6,46,74,1.39,IN,2019-11-08 04:50:58
366,Havelock,34.88,-76.9,66.2,88,75,10.45,US,2019-11-08 04:50:58
367,Parrita,9.52,-84.33,71.6,68,40,14.99,CR,2019-11-08 04:50:58
368,Kruisfontein,-34.0,24.73,60.78,70,73,10.6,ZA,2019-11-08 04:50:58
369,Codrington,-28.95,153.24,102.2,6,0,19.46,AU,2019-11-08 04:50:58
370,Labytnangi,66.66,66.39,-0.03,84,1,7.43,RU,2019-11-08 04:50:59
371,Novosergiyevka,52.08,53.65,46.36,98,100,1.5,RU,2019-11-08 04:50:59
372,Machinga,-15.18,35.3,83.21,54,33,8.46,MW,2019-11-08 04:50:59
373,Barra Do Garcas,-15.89,-52.26,72.84,91,96,1.39,BR,2019-11-08 04:50:59
374,Yuli,24.82,106.77,71.15,50,17,2.93,CN,2019-11-08 04:50:59
375,Kingsgate,-29.8,152.07,74.01,18,0,18.7,AU,2019-11-08 04:51:00
376,Dubbo,-32.25,148.6,78.8,24,75,21.92,AU,2019-11-08 04:51:00
377,Nome,30.04,-94.42,66.2,93,90,11.41,US,2019-11-08 04:51:00
378,Lasa,34.92,32.53,64.4,52,0,3.36,CY,2019-11-08 04:51:00
379,Belyy Yar,53.6,91.39,41.0,56,40,15.66,RU,2019-11-08 04:51:01
380,Nkoteng,4.5,12.12,70.03,97,100,0.83,CM,2019-11-08 04:51:01
381,Vaitape,-16.52,-151.75,80.94,81,17,20.2,PF,2019-11-08 04:51:01
382,Buta,2.79,24.73,74.48,83,100,1.36,CD,2019-11-08 04:51:01
383,Klaksvik,62.23,-6.59,30.2,80,85,6.93,FO,2019-11-08 04:51:02
384,Norman Wells,65.28,-126.83,12.2,85,90,10.29,CA,2019-11-08 04:46:15
385,Gao,16.28,-0.04,80.31,17,0,7.7,ML,2019-11-08 04:51:02
386,Turtas,58.94,69.13,18.84,86,100,12.12,RU,2019-11-08 04:51:03
387,Teguldet,57.31,88.17,32.22,97,100,16.37,RU,2019-11-08 04:51:03
388,Finnsnes,69.23,17.98,12.2,76,0,11.41,NO,2019-11-08 04:51:03
389,Progreso,-34.68,-56.22,60.8,51,0,12.75,UY,2019-11-08 04:51:03
390,Raudeberg,61.99,5.14,33.8,59,16,13.87,NO,2019-11-08 04:51:04
391,Lishan,24.07,102.75,63.55,71,91,4.12,CN,2019-11-08 04:51:04
392,Ucluelet,48.94,-125.55,48.6,68,100,3.51,CA,2019-11-08 04:51:04
393,Pakala,13.62,-15.52,75.6,30,0,5.12,GM,2019-11-08 04:51:05
394,Sioux Lookout,50.1,-91.92,14.0,56,90,8.05,CA,2019-11-08 04:46:29
395,Zelenoborsk,61.47,64.05,11.52,84,0,7.18,RU,2019-11-08 04:51:05
396,Salmas,38.2,44.77,33.8,80,0,4.7,IR,2019-11-08 04:51:06
397,Cockburn Town,21.46,-71.14,82.22,79,3,16.37,TC,2019-11-08 04:51:06
398,Takoradi,4.89,-1.75,79.0,85,17,3.85,GH,2019-11-08 04:51:06
399,Leh,34.16,77.58,15.42,81,100,2.53,IN,2019-11-08 04:51:06
400,Ostersund,63.18,14.64,26.6,79,100,6.93,SE,2019-11-08 04:50:05
401,Bibbiena,43.7,11.82,53.6,93,75,4.7,IT,2019-11-08 04:51:07
402,Airai,-8.93,125.41,82.63,43,0,8.97,TL,2019-11-08 04:51:08
403,Anloga,5.79,0.9,77.0,94,20,1.12,GH,2019-11-08 04:51:08
404,Constantine,36.36,6.61,44.6,70,4,4.7,DZ,2019-11-08 04:51:08
405,Cordoba,-27.78,-67.24,73.36,50,0,4.83,AR,2019-11-08 04:46:52
406,Makokou,0.56,12.85,70.92,96,100,1.95,GA,2019-11-08 04:51:08
407,Smithers,54.78,-127.17,33.8,100,90,3.36,CA,2019-11-08 04:51:09
408,Samarai,-10.62,150.67,83.16,74,100,7.34,PG,2019-11-08 04:51:09
409,Kalanguy,51.01,116.52,29.5,70,98,5.82,RU,2019-11-08 04:51:09
410,Kutum,14.2,24.66,70.75,18,0,7.0,SD,2019-11-08 04:51:10
411,Shieli,44.18,66.74,52.5,23,0,3.29,KZ,2019-11-08 04:51:10
412,Matamoros,25.87,-97.51,78.8,83,90,10.29,US,2019-11-08 04:51:10
413,Kalmeshwar,21.24,78.91,80.6,65,75,3.89,IN,2019-11-08 04:51:10
414,Quang Ngai,15.12,108.8,78.15,71,48,19.17,VN,2019-11-08 04:51:11
415,Kenai,60.55,-151.26,42.8,87,90,12.75,US,2019-11-08 04:51:11
416,Sucua,-2.46,-78.17,60.26,97,37,2.08,EC,2019-11-08 04:51:11
417,Minsk,53.9,27.56,39.2,100,90,4.12,BY,2019-11-08 04:51:11
418,Pechenga,58.89,41.46,17.33,86,5,5.35,RU,2019-11-08 04:51:12
419,Weyburn,49.67,-103.85,16.66,83,100,7.96,CA,2019-11-08 04:51:12
420,Hede,60.45,15.49,28.4,92,97,3.36,SE,2019-11-08 04:51:12
421,Mincivan,39.03,46.72,57.99,22,0,1.12,AZ,2019-11-08 04:51:12
422,Ciudad Real,38.99,-3.93,39.65,93,41,8.63,ES,2019-11-08 04:51:12
423,Svetlogorsk,53.14,59.15,46.4,75,75,13.42,RU,2019-11-08 04:51:13
424,Gigmoto,13.78,124.39,85.21,74,0,9.82,PH,2019-11-08 04:51:13
425,Shache,38.42,77.24,56.05,27,90,1.74,CN,2019-11-08 04:51:13
426,Aksha,50.28,113.29,42.39,42,0,8.86,RU,2019-11-08 04:51:13
427,Ostashkov,57.14,33.12,38.07,95,100,5.84,RU,2019-11-08 04:51:13
428,San Jeronimo,-13.65,-73.37,49.37,90,84,2.73,PE,2019-11-08 04:51:14
429,Maniitsoq,65.42,-52.9,37.89,47,100,23.87,GL,2019-11-08 04:51:14
430,Dalbandin,28.9,64.41,63.5,10,0,6.55,PK,2019-11-08 04:51:14
431,Marrakesh,31.63,-7.99,53.6,81,40,3.36,MA,2019-11-08 04:51:15
432,Caravelas,-17.73,-39.27,68.97,96,2,7.27,BR,2019-11-08 04:51:15
433,Stokmarknes,68.56,14.91,30.2,63,2,16.11,NO,2019-11-08 04:51:15
434,Mongu,-15.27,23.14,76.46,54,81,0.67,ZM,2019-11-08 04:51:15
435,Hualmay,-11.1,-77.61,59.09,89,40,2.75,PE,2019-11-08 04:51:15
436,Chioggia,45.22,12.28,51.8,87,75,13.87,IT,2019-11-08 04:51:16
437,Havre-Saint-Pierre,50.23,-63.6,21.2,73,20,4.7,CA,2019-11-08 04:51:16
438,Haimen,31.87,121.18,64.02,37,0,11.61,CN,2019-11-08 04:51:16
439,Tunceli,39.11,39.55,33.8,86,0,6.93,TR,2019-11-08 04:51:17
440,Limbang,4.75,115.01,87.8,70,75,4.7,BN,2019-11-08 04:51:17
441,Kirakira,-10.46,161.92,79.81,84,100,3.04,SB,2019-11-08 04:51:17
442,Calbiga,11.63,125.02,88.25,63,0,6.38,PH,2019-11-08 04:51:17
443,Estevan,49.14,-102.99,12.2,92,1,3.36,CA,2019-11-08 04:51:17
444,Bathsheba,13.22,-59.52,82.4,74,40,19.46,BB,2019-11-08 04:51:18
445,Awjilah,29.14,21.3,65.41,86,0,11.68,LY,2019-11-08 04:51:18
446,Bulancak,40.94,38.23,59.0,54,18,1.12,TR,2019-11-08 04:51:18
447,West Wendover,40.74,-114.07,35.6,64,20,3.36,US,2019-11-08 04:51:18
448,Jaisinghnagar,23.63,78.57,79.23,53,1,6.51,IN,2019-11-08 04:51:18
449,Abha,18.22,42.5,59.0,87,0,5.82,SA,2019-11-08 04:51:19
450,Yulara,-25.24,130.99,93.2,9,0,18.34,AU,2019-11-08 04:51:19
451,Khandagayty,50.73,92.07,39.33,50,84,2.24,MN,2019-11-08 04:51:19
452,Talcahuano,-36.72,-73.12,53.6,87,84,5.82,CL,2019-11-08 04:51:20
453,Kamphaeng Phet,16.47,99.53,82.02,77,100,11.12,TH,2019-11-08 04:51:20
454,Tual,-5.67,132.75,82.98,73,93,4.16,ID,2019-11-08 04:51:20
455,Mikkeli,61.69,27.27,24.8,85,90,3.36,FI,2019-11-08 04:51:20
456,Potoru,7.51,-11.48,73.38,97,82,1.43,SL,2019-11-08 04:51:20
457,Xinmin,42.0,122.83,53.6,27,17,4.47,CN,2019-11-08 04:51:21
458,Pokhara,28.21,83.99,80.83,41,90,2.44,NP,2019-11-08 04:51:21
459,Wolgast,54.05,13.77,43.72,91,100,7.09,DE,2019-11-08 04:51:21
460,Ko Samui,9.54,99.94,86.0,74,40,4.7,TH,2019-11-08 04:48:46
461,Kaliua,-5.06,31.79,78.73,47,100,10.67,TZ,2019-11-08 04:51:22
462,Dembi Dolo,8.53,34.8,68.5,84,60,2.95,ET,2019-11-08 04:51:22
463,Durango,24.02,-104.67,61.56,71,80,3.47,MX,2019-11-08 04:51:22
464,Bhitarwar,25.8,78.11,83.03,34,7,8.9,IN,2019-11-08 04:51:22
465,Kvarkeno,52.08,59.73,39.34,85,100,14.94,RU,2019-11-08 04:51:22
466,Buchanan,5.88,-10.05,77.0,94,75,2.73,LR,2019-11-08 04:51:23
467,Vanimo,-2.67,141.3,84.58,67,100,5.46,PG,2019-11-08 04:51:23
468,Kaniama,-7.57,24.18,71.67,91,100,2.39,CD,2019-11-08 04:51:23
469,Nara,34.68,135.8,66.2,45,20,5.82,JP,2019-11-08 04:51:23
470,Tomohon,1.33,124.84,91.4,55,40,9.17,ID,2019-11-08 04:51:23
471,Itarema,-2.92,-39.92,77.02,78,10,9.42,BR,2019-11-08 04:51:24
472,Inawashiro,37.55,140.1,51.8,68,20,19.46,JP,2019-11-08 04:51:24
473,Dera Bugti,29.03,69.15,70.32,27,0,2.77,PK,2019-11-08 04:51:24
474,Houma,35.63,111.36,61.9,46,0,2.91,CN,2019-11-08 04:51:24
475,Atambua,-9.11,124.89,84.31,63,21,7.16,ID,2019-11-08 04:51:24
476,Santa Maria,-16.02,-48.01,69.8,83,40,2.24,BR,2019-11-08 04:51:25
477,Yantai,37.53,121.39,55.96,47,0,10.25,CN,2019-11-08 04:51:25
478,Beloha,-25.17,45.06,91.74,24,0,6.38,MG,2019-11-08 04:51:25
479,Marzuq,14.4,46.47,75.43,30,0,5.28,YE,2019-11-08 04:51:25
480,Strezhevoy,60.73,77.6,12.2,85,100,8.95,RU,2019-11-08 04:51:26
481,Pritomskiy,53.77,87.61,37.81,53,100,11.63,RU,2019-11-08 04:51:26
482,Creel,27.75,-107.63,52.27,91,100,5.79,MX,2019-11-08 04:51:26
483,Zhoucheng,31.35,119.33,64.4,48,40,4.47,CN,2019-11-08 04:51:26
484,Nampula,-15.12,39.26,77.0,78,75,8.05,MZ,2019-11-08 04:51:26
485,Colinas,-6.03,-44.25,73.92,85,94,4.27,BR,2019-11-08 04:51:27
486,Sayansk,54.11,102.18,36.59,73,88,6.31,RU,2019-11-08 04:51:27
487,Santa Isabel Do Rio Negro,-0.41,-65.02,74.34,90,95,1.9,BR,2019-11-08 04:51:27
488,Ahuimanu,21.44,-157.84,78.8,83,90,8.05,US,2019-11-08 04:51:27
489,Lake Havasu City,34.47,-114.34,75.2,11,1,9.17,US,2019-11-08 04:51:28
490,Karangasem,-6.7,108.49,87.66,52,18,11.01,ID,2019-11-08 04:51:28
491,Saint Anthony,43.97,-111.68,30.2,63,1,4.7,US,2019-11-08 04:51:28
492,Magan,24.42,56.58,78.8,41,32,5.82,OM,2019-11-08 04:51:28
493,Aykhal,65.95,111.51,-13.01,83,57,4.47,RU,2019-11-08 04:51:28
494,Prince Rupert,54.32,-130.32,51.8,87,90,17.22,CA,2019-11-08 04:51:29
495,Kavali,14.91,79.99,87.73,52,70,3.98,IN,2019-11-08 04:51:29
496,Lahij,13.06,44.88,87.12,39,0,9.55,YE,2019-11-08 04:51:29
497,Aleksandrov Gay,50.14,48.57,54.28,70,99,13.0,RU,2019-11-08 04:51:29
498,Beboto,8.27,16.94,75.45,56,0,0.89,TD,2019-11-08 04:51:29
499,Cliza,-17.59,-65.93,54.07,73,95,1.05,BO,2019-11-08 04:51:30
500,Batagay,67.65,134.64,-6.34,96,93,2.13,RU,2019-11-08 04:51:30
501,Merritt,50.11,-120.79,39.2,80,90,4.7,CA,2019-11-08 04:47:30
502,Tallahassee,30.44,-84.28,68.0,100,40,3.69,US,2019-11-08 04:49:06
503,Benghazi,32.12,20.07,70.79,61,2,7.36,LY,2019-11-08 04:51:30
504,Baft,29.23,56.61,56.98,30,0,2.59,IR,2019-11-08 04:51:31
505,Bratsk,56.15,101.63,33.8,69,40,15.66,RU,2019-11-08 04:51:31
506,Funes,-32.92,-60.81,69.8,73,0,8.05,AR,2019-11-08 04:51:31
507,Glace Bay,46.2,-59.96,44.6,93,90,11.41,CA,2019-11-08 04:51:32
508,Divnomorskoye,44.5,38.13,63.27,68,92,8.72,RU,2019-11-08 04:51:32
509,Spassk,53.93,43.19,43.3,95,100,7.25,RU,2019-11-08 04:51:33
510,Burns Lake,54.23,-125.76,35.02,95,100,1.36,CA,2019-11-08 04:51:33
511,Lincoln,53.23,-0.54,46.4,81,100,18.34,GB,2019-11-08 04:51:33
512,Marawi,8.0,124.29,76.32,75,4,5.1,PH,2019-11-08 04:51:33
513,Tanout,14.97,8.88,77.95,16,1,9.01,NE,2019-11-08 04:51:34
514,Kahului,20.89,-156.47,78.8,78,40,12.75,US,2019-11-08 04:51:34
515,Mount Gambier,-37.83,140.78,53.6,76,75,19.46,AU,2019-11-08 04:51:34
516,Schwabach,49.33,11.02,42.8,100,20,1.12,DE,2019-11-08 04:49:37
517,Moose Factory,51.26,-80.61,6.8,77,75,4.7,CA,2019-11-08 04:51:35
518,Nacala,-14.56,40.69,87.85,52,72,6.46,MZ,2019-11-08 04:51:35
519,Boromo,11.74,-2.93,78.62,53,0,3.98,BF,2019-11-08 04:51:35
520,Mahebourg,-20.41,57.7,77.0,73,75,13.87,MU,2019-11-08 04:51:35
521,Bredy,52.43,60.33,43.38,87,100,18.68,RU,2019-11-08 04:51:35
522,Petropavlovsk-Kamchatskiy,53.05,158.65,44.6,93,90,29.08,RU,2019-11-08 04:51:36
523,Cardoso,-20.08,-49.91,73.67,89,51,3.49,BR,2019-11-08 04:51:36
524,Namatanai,-3.66,152.44,84.31,68,100,5.39,PG,2019-11-08 04:46:46
525,Necochea,-38.55,-58.74,43.39,78,3,3.27,AR,2019-11-08 04:51:36
526,Amahai,-3.31,129.0,82.18,72,25,7.16,ID,2019-11-08 04:51:36
527,Kindu,-2.95,25.92,74.17,90,100,1.95,CD,2019-11-08 04:51:37
528,Moussoro,13.64,16.49,81.12,13,0,8.97,TD,2019-11-08 04:51:37
529,Oistins,13.07,-59.53,82.4,74,40,19.46,BB,2019-11-08 04:51:37
530,Kerema,-7.96,145.78,77.02,94,86,3.71,PG,2019-11-08 04:51:37
531,Emerald,-23.53,148.16,98.6,7,0,17.22,AU,2019-11-08 04:51:38
532,Beira,43.2,-8.36,48.2,87,40,13.87,ES,2019-11-08 04:51:38
533,Goias,-15.93,-50.14,70.75,82,64,3.15,BR,2019-11-08 04:51:38
534,Omboue,-1.57,9.26,75.97,93,100,2.51,GA,2019-11-08 04:51:38
535,Kavaratti,10.57,72.64,84.2,74,20,9.17,IN,2019-11-08 04:51:38
536,Ngunguru,-35.62,174.5,64.38,94,48,12.37,NZ,2019-11-08 04:51:39
537,Uruzgan,32.93,66.63,43.86,15,0,0.51,AF,2019-11-08 04:51:39
538,Hornepayne,49.22,-84.78,12.27,86,88,1.92,CA,2019-11-08 04:51:39
539,Port Harcourt,4.77,7.02,77.54,89,87,2.01,NG,2019-11-08 04:51:39
540,Vilyuysk,63.75,121.63,-5.01,90,0,3.15,RU,2019-11-08 04:51:40
541,Ponta Delgada,37.73,-25.67,59.0,82,20,4.7,PT,2019-11-08 04:51:40
542,Diapaga,12.07,1.79,75.6,37,10,4.7,BF,2019-11-08 04:51:40
543,Bari,41.13,16.86,50.0,93,17,5.82,IT,2019-11-08 04:51:40
544,Storforshei,66.4,14.52,3.49,90,63,4.0,NO,2019-11-08 04:51:40
545,Tromso,69.65,18.96,12.2,92,0,8.05,NO,2019-11-08 04:51:36
546,Grants,35.15,-107.85,33.8,100,1,1.66,US,2019-11-08 04:51:41
547,Lerwick,60.15,-1.15,37.4,63,72,14.99,GB,2019-11-08 04:51:41
548,Gat,14.69,-16.54,71.6,83,62,17.22,SN,2019-11-08 04:51:41
549,Valdivia,-39.81,-73.25,41.07,77,96,5.3,CL,2019-11-08 04:51:42
550,Tabou,4.42,-7.36,74.12,96,62,2.37,CI,2019-11-08 04:51:42
551,Chara,39.42,22.43,57.2,100,75,3.36,GR,2019-11-08 04:51:42
552,Mikuni,36.22,136.15,57.2,50,20,12.75,JP,2019-11-08 04:51:42
553,Nanortalik,60.14,-45.24,35.49,76,83,17.36,GL,2019-11-08 04:51:43
554,Maningrida,-12.05,134.23,87.98,54,45,12.66,AU,2019-11-08 04:51:43
555,Fethiye,36.62,29.12,51.8,93,0,8.05,TR,2019-11-08 04:47:30
556,Chandbali,20.77,86.74,77.81,64,100,17.02,IN,2019-11-08 04:51:43
557,Bandrele,-12.91,45.19,84.2,79,31,4.7,YT,2019-11-08 04:51:43
558,Shizunai,42.33,142.37,34.03,67,94,11.03,JP,2019-11-08 04:51:44
559,San Felipe,-32.75,-70.73,53.29,27,40,1.12,CL,2019-11-08 04:51:44
560,Zhurivka,50.5,31.77,46.4,93,75,2.24,UA,2019-11-08 04:51:44
561,Mazara Del Vallo,37.65,12.59,59.0,87,20,6.93,IT,2019-11-08 04:51:44
